Date,Home Team,Away Team,Competition,Matchweek
2026-02-10T19:30:00Z,Chelsea FC,Leeds United FC,Premier League,26
2026-02-10T19:30:00Z,Everton FC,AFC Bournemouth,Premier League,26
2026-02-10T19:30:00Z,Tottenham Hotspur FC,Newcastle United FC,Premier League,26
2026-02-10T20:15:00Z,West Ham United FC,Manchester United FC,Premier League,26
2026-02-11T19:30:00Z,Aston Villa FC,Brighton & Hove Albion FC,Premier League,26
2026-02-11T19:30:00Z,Crystal Palace FC,Burnley FC,Premier League,26
2026-02-11T19:30:00Z,Manchester City FC,Fulham FC,Premier League,26
2026-02-11T19:30:00Z,Nottingham Forest FC,Wolverhampton Wanderers FC,Premier League,26
2026-02-11T20:15:00Z,Sunderland AFC,Liverpool FC,Premier League,26
2026-02-12T20:00:00Z,Brentford FC,Arsenal FC,Premier League,26
2026-02-18T20:00:00Z,Wolverhampton Wanderers FC,Arsenal FC,Premier League,31
2026-02-21T15:00:00Z,Aston Villa FC,Leeds United FC,Premier League,27
2026-02-21T15:00:00Z,Brentford FC,Brighton & Hove Albion FC,Premier League,27
2026-02-21T15:00:00Z,Chelsea FC,Burnley FC,Premier League,27
2026-02-21T17:30:00Z,West Ham United FC,AFC Bournemouth,Premier League,27
2026-02-21T20:00:00Z,Manchester City FC,Newcastle United FC,Premier League,27
2026-02-22T14:00:00Z,Sunderland AFC,Fulham FC,Premier League,27
2026-02-22T14:00:00Z,Crystal Palace FC,Wolverhampton Wanderers FC,Premier League,27
2026-02-22T14:00:00Z,Nottingham Forest FC,Liverpool FC,Premier League,27
2026-02-22T16:30:00Z,Tottenham Hotspur FC,Arsenal FC,Premier League,27
2026-02-23T20:00:00Z,Everton FC,Manchester United FC,Premier League,27
2026-02-27T20:00:00Z,Wolverhampton Wanderers FC,Aston Villa FC,Premier League,28
2026-02-28T12:30:00Z,AFC Bournemouth,Sunderland AFC,Premier League,28
2026-02-28T15:00:00Z,Burnley FC,Brentford FC,Premier League,28
2026-02-28T15:00:00Z,Liverpool FC,West Ham United FC,Premier League,28
2026-02-28T15:00:00Z,Newcastle United FC,Everton FC,Premier League,28
2026-02-28T17:30:00Z,Leeds United FC,Manchester City FC,Premier League,28
2026-03-01T14:00:00Z,Brighton & Hove Albion FC,Nottingham Forest FC,Premier League,28
2026-03-01T14:00:00Z,Fulham FC,Tottenham Hotspur FC,Premier League,28
2026-03-01T14:00:00Z,Manchester United FC,Crystal Palace FC,Premier League,28
2026-03-01T16:30:00Z,Arsenal FC,Chelsea FC,Premier League,28
2026-03-03T19:30:00Z,AFC Bournemouth,Brentford FC,Premier League,29
2026-03-03T19:30:00Z,Everton FC,Burnley FC,Premier League,29
2026-03-03T19:30:00Z,Leeds United FC,Sunderland AFC,Premier League,29
2026-03-03T20:15:00Z,Wolverhampton Wanderers FC,Liverpool FC,Premier League,29
2026-03-04T19:30:00Z,Aston Villa FC,Chelsea FC,Premier League,29
2026-03-04T19:30:00Z,Brighton & Hove Albion FC,Arsenal FC,Premier League,29
2026-03-04T19:30:00Z,Fulham FC,West Ham United FC,Premier League,29
2026-03-04T19:30:00Z,Manchester City FC,Nottingham Forest FC,Premier League,29
2026-03-04T20:15:00Z,Newcastle United FC,Manchester United FC,Premier League,29
2026-03-05T20:00:00Z,Tottenham Hotspur FC,Crystal Palace FC,Premier League,29
2026-03-14T12:30:00Z,West Ham United FC,Manchester City FC,Premier League,30
2026-03-14T15:00:00Z,Sunderland AFC,Brighton & Hove Albion FC,Premier League,30
2026-03-14T15:00:00Z,Crystal Palace FC,Leeds United FC,Premier League,30
2026-03-14T15:00:00Z,Burnley FC,AFC Bournemouth,Premier League,30
2026-03-14T15:00:00Z,Nottingham Forest FC,Fulham FC,Premier League,30
2026-03-14T17:30:00Z,Chelsea FC,Newcastle United FC,Premier League,30
2026-03-15T14:00:00Z,Arsenal FC,Everton FC,Premier League,30
2026-03-15T14:00:00Z,Manchester United FC,Aston Villa FC,Premier League,30
2026-03-15T16:30:00Z,Liverpool FC,Tottenham Hotspur FC,Premier League,30
2026-03-16T20:00:00Z,Brentford FC,Wolverhampton Wanderers FC,Premier League,30
2026-03-20T20:00:00Z,AFC Bournemouth,Manchester United FC,Premier League,31
2026-03-21T12:30:00Z,Brighton & Hove Albion FC,Liverpool FC,Premier League,31
2026-03-21T15:00:00Z,Fulham FC,Burnley FC,Premier League,31
2026-03-21T17:30:00Z,Everton FC,Chelsea FC,Premier League,31
2026-03-21T20:00:00Z,Leeds United FC,Brentford FC,Premier League,31
2026-03-22T12:00:00Z,Newcastle United FC,Sunderland AFC,Premier League,31
2026-03-22T14:15:00Z,Aston Villa FC,West Ham United FC,Premier League,31
2026-03-22T14:15:00Z,Tottenham Hotspur FC,Nottingham Forest FC,Premier League,31
2026-04-11T14:00:00Z,Sunderland AFC,Tottenham Hotspur FC,Premier League,32
2026-04-11T14:00:00Z,Crystal Palace FC,Newcastle United FC,Premier League,32
2026-04-11T14:00:00Z,Arsenal FC,AFC Bournemouth,Premier League,32
2026-04-11T14:00:00Z,Brentford FC,Everton FC,Premier League,32
2026-04-11T14:00:00Z,Burnley FC,Brighton & Hove Albion FC,Premier League,32
2026-04-11T14:00:00Z,Chelsea FC,Manchester City FC,Premier League,32
2026-04-11T14:00:00Z,Liverpool FC,Fulham FC,Premier League,32
2026-04-11T14:00:00Z,Manchester United FC,Leeds United FC,Premier League,32
2026-04-11T14:00:00Z,Nottingham Forest FC,Aston Villa FC,Premier League,32
2026-04-11T14:00:00Z,West Ham United FC,Wolverhampton Wanderers FC,Premier League,32
2026-04-18T14:00:00Z,Newcastle United FC,AFC Bournemouth,Premier League,33
2026-04-18T14:00:00Z,Nottingham Forest FC,Burnley FC,Premier League,33
2026-04-18T14:00:00Z,Tottenham Hotspur FC,Brighton & Hove Albion FC,Premier League,33
2026-04-18T14:00:00Z,Aston Villa FC,Sunderland AFC,Premier League,33
2026-04-18T14:00:00Z,Crystal Palace FC,West Ham United FC,Premier League,33
2026-04-18T14:00:00Z,Brentford FC,Fulham FC,Premier League,33
2026-04-18T14:00:00Z,Chelsea FC,Manchester United FC,Premier League,33
2026-04-18T14:00:00Z,Everton FC,Liverpool FC,Premier League,33
2026-04-18T14:00:00Z,Leeds United FC,Wolverhampton Wanderers FC,Premier League,33
2026-04-18T14:00:00Z,Manchester City FC,Arsenal FC,Premier League,33
2026-04-25T14:00:00Z,AFC Bournemouth,Leeds United FC,Premier League,34
2026-04-25T14:00:00Z,Sunderland AFC,Nottingham Forest FC,Premier League,34
2026-04-25T14:00:00Z,Brighton & Hove Albion FC,Chelsea FC,Premier League,34
2026-04-25T14:00:00Z,Arsenal FC,Newcastle United FC,Premier League,34
2026-04-25T14:00:00Z,Burnley FC,Manchester City FC,Premier League,34
2026-04-25T14:00:00Z,Fulham FC,Aston Villa FC,Premier League,34
2026-04-25T14:00:00Z,Liverpool FC,Crystal Palace FC,Premier League,34
2026-04-25T14:00:00Z,Manchester United FC,Brentford FC,Premier League,34
2026-04-25T14:00:00Z,West Ham United FC,Everton FC,Premier League,34
2026-04-25T14:00:00Z,Wolverhampton Wanderers FC,Tottenham Hotspur FC,Premier League,34
2026-05-02T14:00:00Z,AFC Bournemouth,Crystal Palace FC,Premier League,35
2026-05-02T14:00:00Z,Aston Villa FC,Tottenham Hotspur FC,Premier League,35
2026-05-02T14:00:00Z,Arsenal FC,Fulham FC,Premier League,35
2026-05-02T14:00:00Z,Brentford FC,West Ham United FC,Premier League,35
2026-05-02T14:00:00Z,Chelsea FC,Nottingham Forest FC,Premier League,35
2026-05-02T14:00:00Z,Everton FC,Manchester City FC,Premier League,35
2026-05-02T14:00:00Z,Leeds United FC,Burnley FC,Premier League,35
2026-05-02T14:00:00Z,Manchester United FC,Liverpool FC,Premier League,35
2026-05-02T14:00:00Z,Newcastle United FC,Brighton & Hove Albion FC,Premier League,35
2026-05-02T14:00:00Z,Wolverhampton Wanderers FC,Sunderland AFC,Premier League,35
2026-05-09T14:00:00Z,Sunderland AFC,Manchester United FC,Premier League,36
2026-05-09T14:00:00Z,Brighton & Hove Albion FC,Wolverhampton Wanderers FC,Premier League,36
2026-05-09T14:00:00Z,Crystal Palace FC,Everton FC,Premier League,36
2026-05-09T14:00:00Z,Burnley FC,Aston Villa FC,Premier League,36
2026-05-09T14:00:00Z,Fulham FC,AFC Bournemouth,Premier League,36
2026-05-09T14:00:00Z,Liverpool FC,Chelsea FC,Premier League,36
2026-05-09T14:00:00Z,Manchester City FC,Brentford FC,Premier League,36
2026-05-09T14:00:00Z,Nottingham Forest FC,Newcastle United FC,Premier League,36
2026-05-09T14:00:00Z,Tottenham Hotspur FC,Leeds United FC,Premier League,36
2026-05-09T14:00:00Z,West Ham United FC,Arsenal FC,Premier League,36
2026-05-17T14:00:00Z,AFC Bournemouth,Manchester City FC,Premier League,37
2026-05-17T14:00:00Z,Aston Villa FC,Liverpool FC,Premier League,37
2026-05-17T14:00:00Z,Arsenal FC,Burnley FC,Premier League,37
2026-05-17T14:00:00Z,Brentford FC,Crystal Palace FC,Premier League,37
2026-05-17T14:00:00Z,Chelsea FC,Tottenham Hotspur FC,Premier League,37
2026-05-17T14:00:00Z,Everton FC,Sunderland AFC,Premier League,37
2026-05-17T14:00:00Z,Leeds United FC,Brighton & Hove Albion FC,Premier League,37
2026-05-17T14:00:00Z,Manchester United FC,Nottingham Forest FC,Premier League,37
2026-05-17T14:00:00Z,Newcastle United FC,West Ham United FC,Premier League,37
2026-05-17T14:00:00Z,Wolverhampton Wanderers FC,Fulham FC,Premier League,37
2026-05-24T15:00:00Z,Sunderland AFC,Chelsea FC,Premier League,38
2026-05-24T15:00:00Z,Brighton & Hove Albion FC,Manchester United FC,Premier League,38
2026-05-24T15:00:00Z,Crystal Palace FC,Arsenal FC,Premier League,38
2026-05-24T15:00:00Z,Burnley FC,Wolverhampton Wanderers FC,Premier League,38
2026-05-24T15:00:00Z,Fulham FC,Newcastle United FC,Premier League,38
2026-05-24T15:00:00Z,Liverpool FC,Brentford FC,Premier League,38
2026-05-24T15:00:00Z,Manchester City FC,Aston Villa FC,Premier League,38
2026-05-24T15:00:00Z,Nottingham Forest FC,AFC Bournemouth,Premier League,38
2026-05-24T15:00:00Z,Tottenham Hotspur FC,Everton FC,Premier League,38
2026-05-24T15:00:00Z,West Ham United FC,Leeds United FC,Premier League,38
2026-02-13T19:45:00Z,AC Pisa 1909,AC Milan,Serie A,25
2026-02-14T14:00:00Z,Como 1907,ACF Fiorentina,Serie A,25
2026-02-14T17:00:00Z,SS Lazio,Atalanta BC,Serie A,25
2026-02-14T19:45:00Z,FC Internazionale Milano,Juventus FC,Serie A,25
2026-02-15T11:30:00Z,Udinese Calcio,US Sassuolo Calcio,Serie A,25
2026-02-15T14:00:00Z,Parma Calcio 1913,Hellas Verona FC,Serie A,25
2026-02-15T14:00:00Z,US Cremonese,Genoa CFC,Serie A,25
2026-02-15T17:00:00Z,Torino FC,Bologna FC 1909,Serie A,25
2026-02-15T19:45:00Z,SSC Napoli,AS Roma,Serie A,25
2026-02-16T19:45:00Z,Cagliari Calcio,US Lecce,Serie A,25
2026-02-18T19:45:00Z,AC Milan,Como 1907,Serie A,24
2026-02-20T19:45:00Z,US Sassuolo Calcio,Hellas Verona FC,Serie A,26
2026-02-21T14:00:00Z,Juventus FC,Como 1907,Serie A,26
2026-02-21T17:00:00Z,US Lecce,FC Internazionale Milano,Serie A,26
2026-02-21T19:45:00Z,Cagliari Calcio,SS Lazio,Serie A,26
2026-02-22T11:30:00Z,Genoa CFC,Torino FC,Serie A,26
2026-02-22T14:00:00Z,Atalanta BC,SSC Napoli,Serie A,26
2026-02-22T17:00:00Z,AC Milan,Parma Calcio 1913,Serie A,26
2026-02-22T19:45:00Z,AS Roma,US Cremonese,Serie A,26
2026-02-23T17:30:00Z,ACF Fiorentina,AC Pisa 1909,Serie A,26
2026-02-23T19:45:00Z,Bologna FC 1909,Udinese Calcio,Serie A,26
2026-03-01T00:00:00Z,AS Roma,Juventus FC,Serie A,27
2026-03-01T00:00:00Z,Como 1907,US Lecce,Serie A,27
2026-03-01T00:00:00Z,Torino FC,SS Lazio,Serie A,27
2026-03-01T00:00:00Z,Hellas Verona FC,SSC Napoli,Serie A,27
2026-03-01T00:00:00Z,FC Internazionale Milano,Genoa CFC,Serie A,27
2026-03-01T00:00:00Z,Parma Calcio 1913,Cagliari Calcio,Serie A,27
2026-03-01T00:00:00Z,AC Pisa 1909,Bologna FC 1909,Serie A,27
2026-03-01T00:00:00Z,US Sassuolo Calcio,Atalanta BC,Serie A,27
2026-03-01T00:00:00Z,Udinese Calcio,ACF Fiorentina,Serie A,27
2026-03-01T00:00:00Z,US Cremonese,AC Milan,Serie A,27
2026-03-08T00:00:00Z,Cagliari Calcio,Como 1907,Serie A,28
2026-03-08T00:00:00Z,Genoa CFC,AS Roma,Serie A,28
2026-03-08T00:00:00Z,Bologna FC 1909,Hellas Verona FC,Serie A,28
2026-03-08T00:00:00Z,Juventus FC,AC Pisa 1909,Serie A,28
2026-03-08T00:00:00Z,SS Lazio,US Sassuolo Calcio,Serie A,28
2026-03-08T00:00:00Z,SSC Napoli,Torino FC,Serie A,28
2026-03-08T00:00:00Z,US Lecce,US Cremonese,Serie A,28
2026-03-08T00:00:00Z,ACF Fiorentina,Parma Calcio 1913,Serie A,28
2026-03-08T00:00:00Z,AC Milan,FC Internazionale Milano,Serie A,28
2026-03-08T00:00:00Z,Atalanta BC,Udinese Calcio,Serie A,28
2026-03-15T00:00:00Z,Como 1907,AS Roma,Serie A,29
2026-03-15T00:00:00Z,Torino FC,Parma Calcio 1913,Serie A,29
2026-03-15T00:00:00Z,Hellas Verona FC,Genoa CFC,Serie A,29
2026-03-15T00:00:00Z,FC Internazionale Milano,Atalanta BC,Serie A,29
2026-03-15T00:00:00Z,SS Lazio,AC Milan,Serie A,29
2026-03-15T00:00:00Z,AC Pisa 1909,Cagliari Calcio,Serie A,29
2026-03-15T00:00:00Z,US Sassuolo Calcio,Bologna FC 1909,Serie A,29
2026-03-15T00:00:00Z,SSC Napoli,US Lecce,Serie A,29
2026-03-15T00:00:00Z,Udinese Calcio,Juventus FC,Serie A,29
2026-03-15T00:00:00Z,US Cremonese,ACF Fiorentina,Serie A,29
2026-03-22T00:00:00Z,ACF Fiorentina,FC Internazionale Milano,Serie A,30
2026-03-22T00:00:00Z,AC Milan,Torino FC,Serie A,30
2026-03-22T00:00:00Z,AS Roma,US Lecce,Serie A,30
2026-03-22T00:00:00Z,Atalanta BC,Hellas Verona FC,Serie A,30
2026-03-22T00:00:00Z,Cagliari Calcio,SSC Napoli,Serie A,30
2026-03-22T00:00:00Z,Genoa CFC,Udinese Calcio,Serie A,30
2026-03-22T00:00:00Z,Como 1907,AC Pisa 1909,Serie A,30
2026-03-22T00:00:00Z,Bologna FC 1909,SS Lazio,Serie A,30
2026-03-22T00:00:00Z,Juventus FC,US Sassuolo Calcio,Serie A,30
2026-03-22T00:00:00Z,Parma Calcio 1913,US Cremonese,Serie A,30
2026-04-04T00:00:00Z,Hellas Verona FC,ACF Fiorentina,Serie A,31
2026-04-04T00:00:00Z,FC Internazionale Milano,AS Roma,Serie A,31
2026-04-04T00:00:00Z,Juventus FC,Genoa CFC,Serie A,31
2026-04-04T00:00:00Z,SS Lazio,Parma Calcio 1913,Serie A,31
2026-04-04T00:00:00Z,AC Pisa 1909,Torino FC,Serie A,31
2026-04-04T00:00:00Z,US Sassuolo Calcio,Cagliari Calcio,Serie A,31
2026-04-04T00:00:00Z,SSC Napoli,AC Milan,Serie A,31
2026-04-04T00:00:00Z,Udinese Calcio,Como 1907,Serie A,31
2026-04-04T00:00:00Z,US Cremonese,Bologna FC 1909,Serie A,31
2026-04-04T00:00:00Z,US Lecce,Atalanta BC,Serie A,31
2026-04-12T00:00:00Z,ACF Fiorentina,SS Lazio,Serie A,32
2026-04-12T00:00:00Z,AC Milan,Udinese Calcio,Serie A,32
2026-04-12T00:00:00Z,AS Roma,AC Pisa 1909,Serie A,32
2026-04-12T00:00:00Z,Atalanta BC,Juventus FC,Serie A,32
2026-04-12T00:00:00Z,Cagliari Calcio,US Cremonese,Serie A,32
2026-04-12T00:00:00Z,Genoa CFC,US Sassuolo Calcio,Serie A,32
2026-04-12T00:00:00Z,Como 1907,FC Internazionale Milano,Serie A,32
2026-04-12T00:00:00Z,Bologna FC 1909,US Lecce,Serie A,32
2026-04-12T00:00:00Z,Torino FC,Hellas Verona FC,Serie A,32
2026-04-12T00:00:00Z,Parma Calcio 1913,SSC Napoli,Serie A,32
2026-04-19T00:00:00Z,AS Roma,Atalanta BC,Serie A,33
2026-04-19T00:00:00Z,Hellas Verona FC,AC Milan,Serie A,33
2026-04-19T00:00:00Z,FC Internazionale Milano,Cagliari Calcio,Serie A,33
2026-04-19T00:00:00Z,Juventus FC,Bologna FC 1909,Serie A,33
2026-04-19T00:00:00Z,AC Pisa 1909,Genoa CFC,Serie A,33
2026-04-19T00:00:00Z,US Sassuolo Calcio,Como 1907,Serie A,33
2026-04-19T00:00:00Z,SSC Napoli,SS Lazio,Serie A,33
2026-04-19T00:00:00Z,Udinese Calcio,Parma Calcio 1913,Serie A,33
2026-04-19T00:00:00Z,US Cremonese,Torino FC,Serie A,33
2026-04-19T00:00:00Z,US Lecce,ACF Fiorentina,Serie A,33
2026-04-26T00:00:00Z,ACF Fiorentina,US Sassuolo Calcio,Serie A,34
2026-04-26T00:00:00Z,AC Milan,Juventus FC,Serie A,34
2026-04-26T00:00:00Z,Cagliari Calcio,Atalanta BC,Serie A,34
2026-04-26T00:00:00Z,Genoa CFC,Como 1907,Serie A,34
2026-04-26T00:00:00Z,Bologna FC 1909,AS Roma,Serie A,34
2026-04-26T00:00:00Z,Torino FC,FC Internazionale Milano,Serie A,34
2026-04-26T00:00:00Z,Hellas Verona FC,US Lecce,Serie A,34
2026-04-26T00:00:00Z,SS Lazio,Udinese Calcio,Serie A,34
2026-04-26T00:00:00Z,Parma Calcio 1913,AC Pisa 1909,Serie A,34
2026-04-26T00:00:00Z,SSC Napoli,US Cremonese,Serie A,34
2026-05-03T00:00:00Z,AS Roma,ACF Fiorentina,Serie A,35
2026-05-03T00:00:00Z,Atalanta BC,Genoa CFC,Serie A,35
2026-05-03T00:00:00Z,Como 1907,SSC Napoli,Serie A,35
2026-05-03T00:00:00Z,Bologna FC 1909,Cagliari Calcio,Serie A,35
2026-05-03T00:00:00Z,FC Internazionale Milano,Parma Calcio 1913,Serie A,35
2026-05-03T00:00:00Z,Juventus FC,Hellas Verona FC,Serie A,35
2026-05-03T00:00:00Z,AC Pisa 1909,US Lecce,Serie A,35
2026-05-03T00:00:00Z,US Sassuolo Calcio,AC Milan,Serie A,35
2026-05-03T00:00:00Z,Udinese Calcio,Torino FC,Serie A,35
2026-05-03T00:00:00Z,US Cremonese,SS Lazio,Serie A,35
2026-05-10T00:00:00Z,ACF Fiorentina,Genoa CFC,Serie A,36
2026-05-10T00:00:00Z,AC Milan,Atalanta BC,Serie A,36
2026-05-10T00:00:00Z,Cagliari Calcio,Udinese Calcio,Serie A,36
2026-05-10T00:00:00Z,Torino FC,US Sassuolo Calcio,Serie A,36
2026-05-10T00:00:00Z,Hellas Verona FC,Como 1907,Serie A,36
2026-05-10T00:00:00Z,SS Lazio,FC Internazionale Milano,Serie A,36
2026-05-10T00:00:00Z,Parma Calcio 1913,AS Roma,Serie A,36
2026-05-10T00:00:00Z,SSC Napoli,Bologna FC 1909,Serie A,36
2026-05-10T00:00:00Z,US Cremonese,AC Pisa 1909,Serie A,36
2026-05-10T00:00:00Z,US Lecce,Juventus FC,Serie A,36
2026-05-17T00:00:00Z,AS Roma,SS Lazio,Serie A,37
2026-05-17T00:00:00Z,Atalanta BC,Bologna FC 1909,Serie A,37
2026-05-17T00:00:00Z,Cagliari Calcio,Torino FC,Serie A,37
2026-05-17T00:00:00Z,Genoa CFC,AC Milan,Serie A,37
2026-05-17T00:00:00Z,Como 1907,Parma Calcio 1913,Serie A,37
2026-05-17T00:00:00Z,FC Internazionale Milano,Hellas Verona FC,Serie A,37
2026-05-17T00:00:00Z,Juventus FC,ACF Fiorentina,Serie A,37
2026-05-17T00:00:00Z,AC Pisa 1909,SSC Napoli,Serie A,37
2026-05-17T00:00:00Z,US Sassuolo Calcio,US Lecce,Serie A,37
2026-05-17T00:00:00Z,Udinese Calcio,US Cremonese,Serie A,37
2026-05-24T00:00:00Z,ACF Fiorentina,Atalanta BC,Serie A,38
2026-05-24T00:00:00Z,AC Milan,Cagliari Calcio,Serie A,38
2026-05-24T00:00:00Z,Bologna FC 1909,FC Internazionale Milano,Serie A,38
2026-05-24T00:00:00Z,Torino FC,Juventus FC,Serie A,38
2026-05-24T00:00:00Z,Hellas Verona FC,AS Roma,Serie A,38
2026-05-24T00:00:00Z,SS Lazio,AC Pisa 1909,Serie A,38
2026-05-24T00:00:00Z,Parma Calcio 1913,US Sassuolo Calcio,Serie A,38
2026-05-24T00:00:00Z,SSC Napoli,Udinese Calcio,Serie A,38
2026-05-24T00:00:00Z,US Cremonese,Como 1907,Serie A,38
2026-05-24T00:00:00Z,US Lecce,Genoa CFC,Serie A,38
2026-02-13T18:00:00Z,Stade Rennais FC 1901,Paris Saint-Germain FC,Ligue 1,22
2026-02-13T20:05:00Z,AS Monaco FC,FC Nantes,Ligue 1,22
2026-02-14T16:00:00Z,Olympique de Marseille,RC Strasbourg Alsace,Ligue 1,22
2026-02-14T18:00:00Z,Lille OSC,Stade Brestois 29,Ligue 1,22
2026-02-14T20:05:00Z,Paris FC,Racing Club de Lens,Ligue 1,22
2026-02-15T14:00:00Z,Le Havre AC,Toulouse FC,Ligue 1,22
2026-02-15T16:15:00Z,FC Lorient,Angers SCO,Ligue 1,22
2026-02-15T16:15:00Z,FC Metz,AJ Auxerre,Ligue 1,22
2026-02-15T19:45:00Z,Olympique Lyonnais,OGC Nice,Ligue 1,22
2026-02-20T19:45:00Z,Stade Brestois 29,Olympique de Marseille,Ligue 1,23
2026-02-21T16:00:00Z,Racing Club de Lens,AS Monaco FC,Ligue 1,23
2026-02-21T18:00:00Z,Toulouse FC,Paris FC,Ligue 1,23
2026-02-21T20:05:00Z,Paris Saint-Germain FC,FC Metz,Ligue 1,23
2026-02-22T14:00:00Z,AJ Auxerre,Stade Rennais FC 1901,Ligue 1,23
2026-02-22T16:15:00Z,FC Nantes,Le Havre AC,Ligue 1,23
2026-02-22T16:15:00Z,OGC Nice,FC Lorient,Ligue 1,23
2026-02-22T16:15:00Z,Angers SCO,Lille OSC,Ligue 1,23
2026-02-22T19:45:00Z,RC Strasbourg Alsace,Olympique Lyonnais,Ligue 1,23
2026-02-27T19:45:00Z,RC Strasbourg Alsace,Racing Club de Lens,Ligue 1,24
2026-02-28T16:00:00Z,Stade Rennais FC 1901,Toulouse FC,Ligue 1,24
2026-02-28T18:00:00Z,AS Monaco FC,Angers SCO,Ligue 1,24
2026-02-28T20:05:00Z,Le Havre AC,Paris Saint-Germain FC,Ligue 1,24
2026-03-01T14:00:00Z,Paris FC,OGC Nice,Ligue 1,24
2026-03-01T16:15:00Z,FC Lorient,AJ Auxerre,Ligue 1,24
2026-03-01T16:15:00Z,FC Metz,Stade Brestois 29,Ligue 1,24
2026-03-01T16:15:00Z,Lille OSC,FC Nantes,Ligue 1,24
2026-03-01T19:45:00Z,Olympique de Marseille,Olympique Lyonnais,Ligue 1,24
2026-03-06T19:45:00Z,Paris Saint-Germain FC,AS Monaco FC,Ligue 1,25
2026-03-07T16:00:00Z,FC Nantes,Angers SCO,Ligue 1,25
2026-03-07T18:00:00Z,AJ Auxerre,RC Strasbourg Alsace,Ligue 1,25
2026-03-07T20:05:00Z,Toulouse FC,Olympique de Marseille,Ligue 1,25
2026-03-08T14:00:00Z,Racing Club de Lens,FC Metz,Ligue 1,25
2026-03-08T16:15:00Z,OGC Nice,Stade Rennais FC 1901,Ligue 1,25
2026-03-08T16:15:00Z,Lille OSC,FC Lorient,Ligue 1,25
2026-03-08T16:15:00Z,Stade Brestois 29,Le Havre AC,Ligue 1,25
2026-03-08T19:45:00Z,Olympique Lyonnais,Paris FC,Ligue 1,25
2026-03-15T00:00:00Z,Le Havre AC,Olympique Lyonnais,Ligue 1,26
2026-03-15T00:00:00Z,AS Monaco FC,Stade Brestois 29,Ligue 1,26
2026-03-15T00:00:00Z,FC Lorient,Racing Club de Lens,Ligue 1,26
2026-03-15T00:00:00Z,FC Metz,Toulouse FC,Ligue 1,26
2026-03-15T00:00:00Z,Olympique de Marseille,AJ Auxerre,Ligue 1,26
2026-03-15T00:00:00Z,Paris Saint-Germain FC,FC Nantes,Ligue 1,26
2026-03-15T00:00:00Z,RC Strasbourg Alsace,Paris FC,Ligue 1,26
2026-03-15T00:00:00Z,Angers SCO,OGC Nice,Ligue 1,26
2026-03-15T00:00:00Z,Stade Rennais FC 1901,Lille OSC,Ligue 1,26
2026-03-22T00:00:00Z,AJ Auxerre,Stade Brestois 29,Ligue 1,27
2026-03-22T00:00:00Z,FC Nantes,RC Strasbourg Alsace,Ligue 1,27
2026-03-22T00:00:00Z,Paris FC,Le Havre AC,Ligue 1,27
2026-03-22T00:00:00Z,Toulouse FC,FC Lorient,Ligue 1,27
2026-03-22T00:00:00Z,OGC Nice,Paris Saint-Germain FC,Ligue 1,27
2026-03-22T00:00:00Z,Olympique Lyonnais,AS Monaco FC,Ligue 1,27
2026-03-22T00:00:00Z,Olympique de Marseille,Lille OSC,Ligue 1,27
2026-03-22T00:00:00Z,Racing Club de Lens,Angers SCO,Ligue 1,27
2026-03-22T00:00:00Z,Stade Rennais FC 1901,FC Metz,Ligue 1,27
2026-04-05T00:00:00Z,Le Havre AC,AJ Auxerre,Ligue 1,28
2026-04-05T00:00:00Z,AS Monaco FC,Olympique de Marseille,Ligue 1,28
2026-04-05T00:00:00Z,FC Lorient,Paris FC,Ligue 1,28
2026-04-05T00:00:00Z,FC Metz,FC Nantes,Ligue 1,28
2026-04-05T00:00:00Z,Lille OSC,Racing Club de Lens,Ligue 1,28
2026-04-05T00:00:00Z,Paris Saint-Germain FC,Toulouse FC,Ligue 1,28
2026-04-05T00:00:00Z,RC Strasbourg Alsace,OGC Nice,Ligue 1,28
2026-04-05T00:00:00Z,Angers SCO,Olympique Lyonnais,Ligue 1,28
2026-04-05T00:00:00Z,Stade Brestois 29,Stade Rennais FC 1901,Ligue 1,28
2026-04-12T00:00:00Z,AJ Auxerre,FC Nantes,Ligue 1,29
2026-04-12T00:00:00Z,Paris FC,AS Monaco FC,Ligue 1,29
2026-04-12T00:00:00Z,Toulouse FC,Lille OSC,Ligue 1,29
2026-04-12T00:00:00Z,OGC Nice,Le Havre AC,Ligue 1,29
2026-04-12T00:00:00Z,Olympique Lyonnais,FC Lorient,Ligue 1,29
2026-04-12T00:00:00Z,Olympique de Marseille,FC Metz,Ligue 1,29
2026-04-12T00:00:00Z,Racing Club de Lens,Paris Saint-Germain FC,Ligue 1,29
2026-04-12T00:00:00Z,Stade Brestois 29,RC Strasbourg Alsace,Ligue 1,29
2026-04-12T00:00:00Z,Stade Rennais FC 1901,Angers SCO,Ligue 1,29
2026-04-19T00:00:00Z,AS Monaco FC,AJ Auxerre,Ligue 1,30
2026-04-19T00:00:00Z,FC Lorient,Olympique de Marseille,Ligue 1,30
2026-04-19T00:00:00Z,FC Metz,Paris FC,Ligue 1,30
2026-04-19T00:00:00Z,FC Nantes,Stade Brestois 29,Ligue 1,30
2026-04-19T00:00:00Z,Lille OSC,OGC Nice,Ligue 1,30
2026-04-19T00:00:00Z,Paris Saint-Germain FC,Olympique Lyonnais,Ligue 1,30
2026-04-19T00:00:00Z,RC Strasbourg Alsace,Stade Rennais FC 1901,Ligue 1,30
2026-04-19T00:00:00Z,Racing Club de Lens,Toulouse FC,Ligue 1,30
2026-04-19T00:00:00Z,Angers SCO,Le Havre AC,Ligue 1,30
2026-04-26T00:00:00Z,Le Havre AC,FC Metz,Ligue 1,31
2026-04-26T00:00:00Z,FC Lorient,RC Strasbourg Alsace,Ligue 1,31
2026-04-26T00:00:00Z,Paris FC,Lille OSC,Ligue 1,31
2026-04-26T00:00:00Z,Toulouse FC,AS Monaco FC,Ligue 1,31
2026-04-26T00:00:00Z,Olympique Lyonnais,AJ Auxerre,Ligue 1,31
2026-04-26T00:00:00Z,Olympique de Marseille,OGC Nice,Ligue 1,31
2026-04-26T00:00:00Z,Angers SCO,Paris Saint-Germain FC,Ligue 1,31
2026-04-26T00:00:00Z,Stade Brestois 29,Racing Club de Lens,Ligue 1,31
2026-04-26T00:00:00Z,Stade Rennais FC 1901,FC Nantes,Ligue 1,31
2026-05-03T00:00:00Z,AJ Auxerre,Angers SCO,Ligue 1,32
2026-05-03T00:00:00Z,FC Metz,AS Monaco FC,Ligue 1,32
2026-05-03T00:00:00Z,FC Nantes,Olympique de Marseille,Ligue 1,32
2026-05-03T00:00:00Z,Paris FC,Stade Brestois 29,Ligue 1,32
2026-05-03T00:00:00Z,OGC Nice,Racing Club de Lens,Ligue 1,32
2026-05-03T00:00:00Z,Olympique Lyonnais,Stade Rennais FC 1901,Ligue 1,32
2026-05-03T00:00:00Z,Lille OSC,Le Havre AC,Ligue 1,32
2026-05-03T00:00:00Z,Paris Saint-Germain FC,FC Lorient,Ligue 1,32
2026-05-03T00:00:00Z,RC Strasbourg Alsace,Toulouse FC,Ligue 1,32
2026-05-09T19:00:00Z,Le Havre AC,Olympique de Marseille,Ligue 1,33
2026-05-09T19:00:00Z,AJ Auxerre,OGC Nice,Ligue 1,33
2026-05-09T19:00:00Z,AS Monaco FC,Lille OSC,Ligue 1,33
2026-05-09T19:00:00Z,FC Metz,FC Lorient,Ligue 1,33
2026-05-09T19:00:00Z,Toulouse FC,Olympique Lyonnais,Ligue 1,33
2026-05-09T19:00:00Z,Paris Saint-Germain FC,Stade Brestois 29,Ligue 1,33
2026-05-09T19:00:00Z,Racing Club de Lens,FC Nantes,Ligue 1,33
2026-05-09T19:00:00Z,Angers SCO,RC Strasbourg Alsace,Ligue 1,33
2026-05-09T19:00:00Z,Stade Rennais FC 1901,Paris FC,Ligue 1,33
2026-05-16T19:00:00Z,FC Lorient,Le Havre AC,Ligue 1,34
2026-05-16T19:00:00Z,FC Nantes,Toulouse FC,Ligue 1,34
2026-05-16T19:00:00Z,Paris FC,Paris Saint-Germain FC,Ligue 1,34
2026-05-16T19:00:00Z,OGC Nice,FC Metz,Ligue 1,34
2026-05-16T19:00:00Z,Olympique Lyonnais,Racing Club de Lens,Ligue 1,34
2026-05-16T19:00:00Z,Olympique de Marseille,Stade Rennais FC 1901,Ligue 1,34
2026-05-16T19:00:00Z,Lille OSC,AJ Auxerre,Ligue 1,34
2026-05-16T19:00:00Z,RC Strasbourg Alsace,AS Monaco FC,Ligue 1,34
2026-05-16T19:00:00Z,Stade Brestois 29,Angers SCO,Ligue 1,34
2026-02-13T20:00:00Z,Elche CF,CA Osasuna,La Liga,24
2026-02-14T13:00:00Z,RCD Espanyol de Barcelona,RC Celta de Vigo,La Liga,24
2026-02-14T15:15:00Z,Getafe CF,Villarreal CF,La Liga,24
2026-02-14T17:30:00Z,Sevilla FC,Deportivo Alavés,La Liga,24
2026-02-14T20:00:00Z,Real Madrid CF,Real Sociedad de Fútbol,La Liga,24
2026-02-15T13:00:00Z,Real Oviedo,Athletic Club,La Liga,24
2026-02-15T15:15:00Z,Rayo Vallecano de Madrid,Club Atlético de Madrid,La Liga,24
2026-02-15T17:30:00Z,Levante UD,Valencia CF,La Liga,24
2026-02-15T20:00:00Z,RCD Mallorca,Real Betis Balompié,La Liga,24
2026-02-16T20:00:00Z,Girona FC,FC Barcelona,La Liga,24
2026-02-18T19:00:00Z,Levante UD,Villarreal CF,La Liga,16
2026-02-20T20:00:00Z,Athletic Club,Elche CF,La Liga,25
2026-02-21T13:00:00Z,Real Sociedad de Fútbol,Real Oviedo,La Liga,25
2026-02-21T15:15:00Z,Real Betis Balompié,Rayo Vallecano de Madrid,La Liga,25
2026-02-21T17:30:00Z,CA Osasuna,Real Madrid CF,La Liga,25
2026-02-21T20:00:00Z,Club Atlético de Madrid,RCD Espanyol de Barcelona,La Liga,25
2026-02-22T13:00:00Z,Getafe CF,Sevilla FC,La Liga,25
2026-02-22T15:15:00Z,FC Barcelona,Levante UD,La Liga,25
2026-02-22T17:30:00Z,RC Celta de Vigo,RCD Mallorca,La Liga,25
2026-02-22T20:00:00Z,Villarreal CF,Valencia CF,La Liga,25
2026-02-23T20:00:00Z,Deportivo Alavés,Girona FC,La Liga,25
2026-02-27T20:00:00Z,Levante UD,Deportivo Alavés,La Liga,26
2026-02-28T13:00:00Z,Rayo Vallecano de Madrid,Athletic Club,La Liga,26
2026-02-28T15:15:00Z,FC Barcelona,Villarreal CF,La Liga,26
2026-02-28T17:30:00Z,RCD Mallorca,Real Sociedad de Fútbol,La Liga,26
2026-02-28T20:00:00Z,Real Oviedo,Club Atlético de Madrid,La Liga,26
2026-03-01T13:00:00Z,Elche CF,RCD Espanyol de Barcelona,La Liga,26
2026-03-01T15:15:00Z,Valencia CF,CA Osasuna,La Liga,26
2026-03-01T17:30:00Z,Real Betis Balompié,Sevilla FC,La Liga,26
2026-03-01T20:00:00Z,Girona FC,RC Celta de Vigo,La Liga,26
2026-03-02T20:00:00Z,Real Madrid CF,Getafe CF,La Liga,26
2026-03-08T00:00:00Z,Athletic Club,FC Barcelona,La Liga,27
2026-03-08T00:00:00Z,Club Atlético de Madrid,Real Sociedad de Fútbol,La Liga,27
2026-03-08T00:00:00Z,RC Celta de Vigo,Real Madrid CF,La Liga,27
2026-03-08T00:00:00Z,RCD Espanyol de Barcelona,Real Oviedo,La Liga,27
2026-03-08T00:00:00Z,Valencia CF,Deportivo Alavés,La Liga,27
2026-03-08T00:00:00Z,Getafe CF,Real Betis Balompié,La Liga,27
2026-03-08T00:00:00Z,Villarreal CF,Elche CF,La Liga,27
2026-03-08T00:00:00Z,Levante UD,Girona FC,La Liga,27
2026-03-08T00:00:00Z,CA Osasuna,RCD Mallorca,La Liga,27
2026-03-08T00:00:00Z,Sevilla FC,Rayo Vallecano de Madrid,La Liga,27
2026-03-15T00:00:00Z,Deportivo Alavés,Villarreal CF,La Liga,28
2026-03-15T00:00:00Z,Club Atlético de Madrid,Getafe CF,La Liga,28
2026-03-15T00:00:00Z,FC Barcelona,Sevilla FC,La Liga,28
2026-03-15T00:00:00Z,Real Betis Balompié,RC Celta de Vigo,La Liga,28
2026-03-15T00:00:00Z,Real Oviedo,Valencia CF,La Liga,28
2026-03-15T00:00:00Z,Girona FC,Athletic Club,La Liga,28
2026-03-15T00:00:00Z,Real Madrid CF,Elche CF,La Liga,28
2026-03-15T00:00:00Z,RCD Mallorca,RCD Espanyol de Barcelona,La Liga,28
2026-03-15T00:00:00Z,Rayo Vallecano de Madrid,Levante UD,La Liga,28
2026-03-15T00:00:00Z,Real Sociedad de Fútbol,CA Osasuna,La Liga,28
2026-03-22T00:00:00Z,Athletic Club,Real Betis Balompié,La Liga,29
2026-03-22T00:00:00Z,FC Barcelona,Rayo Vallecano de Madrid,La Liga,29
2026-03-22T00:00:00Z,Elche CF,RCD Mallorca,La Liga,29
2026-03-22T00:00:00Z,RCD Espanyol de Barcelona,Getafe CF,La Liga,29
2026-03-22T00:00:00Z,Levante UD,Real Oviedo,La Liga,29
2026-03-22T00:00:00Z,Sevilla FC,Valencia CF,La Liga,29
2026-03-22T00:00:00Z,RC Celta de Vigo,Deportivo Alavés,La Liga,29
2026-03-22T00:00:00Z,Real Madrid CF,Club Atlético de Madrid,La Liga,29
2026-03-22T00:00:00Z,CA Osasuna,Girona FC,La Liga,29
2026-03-22T00:00:00Z,Villarreal CF,Real Sociedad de Fútbol,La Liga,29
2026-04-05T00:00:00Z,Deportivo Alavés,CA Osasuna,La Liga,30
2026-04-05T00:00:00Z,Club Atlético de Madrid,FC Barcelona,La Liga,30
2026-04-05T00:00:00Z,Real Betis Balompié,RCD Espanyol de Barcelona,La Liga,30
2026-04-05T00:00:00Z,Girona FC,Villarreal CF,La Liga,30
2026-04-05T00:00:00Z,RCD Mallorca,Real Madrid CF,La Liga,30
2026-04-05T00:00:00Z,Real Oviedo,Sevilla FC,La Liga,30
2026-04-05T00:00:00Z,Getafe CF,Athletic Club,La Liga,30
2026-04-05T00:00:00Z,Valencia CF,RC Celta de Vigo,La Liga,30
2026-04-05T00:00:00Z,Rayo Vallecano de Madrid,Elche CF,La Liga,30
2026-04-05T00:00:00Z,Real Sociedad de Fútbol,Levante UD,La Liga,30
2026-04-12T00:00:00Z,FC Barcelona,RCD Espanyol de Barcelona,La Liga,31
2026-04-12T00:00:00Z,RC Celta de Vigo,Real Oviedo,La Liga,31
2026-04-12T00:00:00Z,Elche CF,Valencia CF,La Liga,31
2026-04-12T00:00:00Z,RCD Mallorca,Rayo Vallecano de Madrid,La Liga,31
2026-04-12T00:00:00Z,Real Sociedad de Fútbol,Deportivo Alavés,La Liga,31
2026-04-12T00:00:00Z,Sevilla FC,Club Atlético de Madrid,La Liga,31
2026-04-12T00:00:00Z,CA Osasuna,Real Betis Balompié,La Liga,31
2026-04-12T00:00:00Z,Levante UD,Getafe CF,La Liga,31
2026-04-12T00:00:00Z,Real Madrid CF,Girona FC,La Liga,31
2026-04-12T00:00:00Z,Athletic Club,Villarreal CF,La Liga,31
2026-04-22T00:00:00Z,Athletic Club,CA Osasuna,La Liga,33
2026-04-22T00:00:00Z,FC Barcelona,RC Celta de Vigo,La Liga,33
2026-04-22T00:00:00Z,Levante UD,Sevilla FC,La Liga,33
2026-04-22T00:00:00Z,RCD Mallorca,Valencia CF,La Liga,33
2026-04-22T00:00:00Z,Real Oviedo,Villarreal CF,La Liga,33
2026-04-22T00:00:00Z,Real Madrid CF,Deportivo Alavés,La Liga,33
2026-04-22T00:00:00Z,Elche CF,Club Atlético de Madrid,La Liga,33
2026-04-22T00:00:00Z,Girona FC,Real Betis Balompié,La Liga,33
2026-04-22T00:00:00Z,Rayo Vallecano de Madrid,RCD Espanyol de Barcelona,La Liga,33
2026-04-22T00:00:00Z,Real Sociedad de Fútbol,Getafe CF,La Liga,33
2026-04-26T00:00:00Z,Deportivo Alavés,RCD Mallorca,La Liga,32
2026-04-26T00:00:00Z,Real Betis Balompié,Real Madrid CF,La Liga,32
2026-04-26T00:00:00Z,RCD Espanyol de Barcelona,Levante UD,La Liga,32
2026-04-26T00:00:00Z,CA Osasuna,Sevilla FC,La Liga,32
2026-04-26T00:00:00Z,Rayo Vallecano de Madrid,Real Sociedad de Fútbol,La Liga,32
2026-04-26T00:00:00Z,Club Atlético de Madrid,Athletic Club,La Liga,32
2026-04-26T00:00:00Z,Getafe CF,FC Barcelona,La Liga,32
2026-04-26T00:00:00Z,Villarreal CF,RC Celta de Vigo,La Liga,32
2026-04-26T00:00:00Z,Real Oviedo,Elche CF,La Liga,32
2026-04-26T00:00:00Z,Valencia CF,Girona FC,La Liga,32
2026-05-03T00:00:00Z,Deportivo Alavés,Athletic Club,La Liga,34
2026-05-03T00:00:00Z,Real Betis Balompié,Real Oviedo,La Liga,34
2026-05-03T00:00:00Z,RC Celta de Vigo,Elche CF,La Liga,34
2026-05-03T00:00:00Z,RCD Espanyol de Barcelona,Real Madrid CF,La Liga,34
2026-05-03T00:00:00Z,Getafe CF,Rayo Vallecano de Madrid,La Liga,34
2026-05-03T00:00:00Z,Girona FC,RCD Mallorca,La Liga,34
2026-05-03T00:00:00Z,Valencia CF,Club Atlético de Madrid,La Liga,34
2026-05-03T00:00:00Z,CA Osasuna,FC Barcelona,La Liga,34
2026-05-03T00:00:00Z,Villarreal CF,Levante UD,La Liga,34
2026-05-03T00:00:00Z,Sevilla FC,Real Sociedad de Fútbol,La Liga,34
2026-05-10T00:00:00Z,Athletic Club,Valencia CF,La Liga,35
2026-05-10T00:00:00Z,Club Atlético de Madrid,RC Celta de Vigo,La Liga,35
2026-05-10T00:00:00Z,FC Barcelona,Real Madrid CF,La Liga,35
2026-05-10T00:00:00Z,Levante UD,CA Osasuna,La Liga,35
2026-05-10T00:00:00Z,RCD Mallorca,Villarreal CF,La Liga,35
2026-05-10T00:00:00Z,Elche CF,Deportivo Alavés,La Liga,35
2026-05-10T00:00:00Z,Real Sociedad de Fútbol,Real Betis Balompié,La Liga,35
2026-05-10T00:00:00Z,Sevilla FC,RCD Espanyol de Barcelona,La Liga,35
2026-05-10T00:00:00Z,Real Oviedo,Getafe CF,La Liga,35
2026-05-10T00:00:00Z,Rayo Vallecano de Madrid,Girona FC,La Liga,35
2026-05-13T00:00:00Z,Deportivo Alavés,FC Barcelona,La Liga,36
2026-05-13T00:00:00Z,Real Betis Balompié,Elche CF,La Liga,36
2026-05-13T00:00:00Z,RC Celta de Vigo,Levante UD,La Liga,36
2026-05-13T00:00:00Z,Getafe CF,RCD Mallorca,La Liga,36
2026-05-13T00:00:00Z,Girona FC,Real Sociedad de Fútbol,La Liga,36
2026-05-13T00:00:00Z,RCD Espanyol de Barcelona,Athletic Club,La Liga,36
2026-05-13T00:00:00Z,CA Osasuna,Club Atlético de Madrid,La Liga,36
2026-05-13T00:00:00Z,Valencia CF,Rayo Vallecano de Madrid,La Liga,36
2026-05-13T00:00:00Z,Villarreal CF,Sevilla FC,La Liga,36
2026-05-13T00:00:00Z,Real Madrid CF,Real Oviedo,La Liga,36
2026-05-17T00:00:00Z,Athletic Club,RC Celta de Vigo,La Liga,37
2026-05-17T00:00:00Z,Club Atlético de Madrid,Girona FC,La Liga,37
2026-05-17T00:00:00Z,FC Barcelona,Real Betis Balompié,La Liga,37
2026-05-17T00:00:00Z,Elche CF,Getafe CF,La Liga,37
2026-05-17T00:00:00Z,Levante UD,RCD Mallorca,La Liga,37
2026-05-17T00:00:00Z,Rayo Vallecano de Madrid,Villarreal CF,La Liga,37
2026-05-17T00:00:00Z,Real Sociedad de Fútbol,Valencia CF,La Liga,37
2026-05-17T00:00:00Z,Real Oviedo,Deportivo Alavés,La Liga,37
2026-05-17T00:00:00Z,CA Osasuna,RCD Espanyol de Barcelona,La Liga,37
2026-05-17T00:00:00Z,Sevilla FC,Real Madrid CF,La Liga,37
2026-05-24T00:00:00Z,Deportivo Alavés,Rayo Vallecano de Madrid,La Liga,38
2026-05-24T00:00:00Z,Real Betis Balompié,Levante UD,La Liga,38
2026-05-24T00:00:00Z,RC Celta de Vigo,Sevilla FC,La Liga,38
2026-05-24T00:00:00Z,RCD Espanyol de Barcelona,Real Sociedad de Fútbol,La Liga,38
2026-05-24T00:00:00Z,Getafe CF,CA Osasuna,La Liga,38
2026-05-24T00:00:00Z,RCD Mallorca,Real Oviedo,La Liga,38
2026-05-24T00:00:00Z,Real Madrid CF,Athletic Club,La Liga,38
2026-05-24T00:00:00Z,Villarreal CF,Club Atlético de Madrid,La Liga,38
2026-05-24T00:00:00Z,Valencia CF,FC Barcelona,La Liga,38
2026-05-24T00:00:00Z,Girona FC,Elche CF,La Liga,38
2026-02-13T19:30:00Z,Borussia Dortmund,1. FSV Mainz 05,Bundesliga,22
2026-02-14T14:30:00Z,SV Werder Bremen,FC Bayern München,Bundesliga,22
2026-02-14T14:30:00Z,TSG 1899 Hoffenheim,SC Freiburg,Bundesliga,22
2026-02-14T14:30:00Z,Eintracht Frankfurt,Borussia Mönchengladbach,Bundesliga,22
2026-02-14T14:30:00Z,Hamburger SV,1. FC Union Berlin,Bundesliga,22
2026-02-14T14:30:00Z,Bayer 04 Leverkusen,FC St. Pauli 1910,Bundesliga,22
2026-02-14T17:30:00Z,VfB Stuttgart,1. FC Köln,Bundesliga,22
2026-02-15T14:30:00Z,FC Augsburg,1. FC Heidenheim 1846,Bundesliga,22
2026-02-15T16:30:00Z,RB Leipzig,VfL Wolfsburg,Bundesliga,22
2026-02-20T19:30:00Z,1. FSV Mainz 05,Hamburger SV,Bundesliga,23
2026-02-21T14:30:00Z,1. FC Union Berlin,Bayer 04 Leverkusen,Bundesliga,23
2026-02-21T14:30:00Z,FC Bayern München,Eintracht Frankfurt,Bundesliga,23
2026-02-21T14:30:00Z,VfL Wolfsburg,FC Augsburg,Bundesliga,23
2026-02-21T14:30:00Z,1. FC Köln,TSG 1899 Hoffenheim,Bundesliga,23
2026-02-21T17:30:00Z,RB Leipzig,Borussia Dortmund,Bundesliga,23
2026-02-22T14:30:00Z,SC Freiburg,Borussia Mönchengladbach,Bundesliga,23
2026-02-22T16:30:00Z,FC St. Pauli 1910,SV Werder Bremen,Bundesliga,23
2026-02-22T18:30:00Z,1. FC Heidenheim 1846,VfB Stuttgart,Bundesliga,23
2026-02-27T19:30:00Z,FC Augsburg,1. FC Köln,Bundesliga,24
2026-02-28T14:30:00Z,Bayer 04 Leverkusen,1. FSV Mainz 05,Bundesliga,24
2026-02-28T14:30:00Z,Borussia Mönchengladbach,1. FC Union Berlin,Bundesliga,24
2026-02-28T14:30:00Z,TSG 1899 Hoffenheim,FC St. Pauli 1910,Bundesliga,24
2026-02-28T14:30:00Z,SV Werder Bremen,1. FC Heidenheim 1846,Bundesliga,24
2026-02-28T17:30:00Z,Borussia Dortmund,FC Bayern München,Bundesliga,24
2026-03-01T14:30:00Z,VfB Stuttgart,VfL Wolfsburg,Bundesliga,24
2026-03-01T16:30:00Z,Eintracht Frankfurt,SC Freiburg,Bundesliga,24
2026-03-01T18:30:00Z,Hamburger SV,RB Leipzig,Bundesliga,24
2026-03-04T19:30:00Z,Hamburger SV,Bayer 04 Leverkusen,Bundesliga,17
2026-03-06T19:30:00Z,FC Bayern München,Borussia Mönchengladbach,Bundesliga,25
2026-03-07T14:30:00Z,SC Freiburg,Bayer 04 Leverkusen,Bundesliga,25
2026-03-07T14:30:00Z,1. FSV Mainz 05,VfB Stuttgart,Bundesliga,25
2026-03-07T14:30:00Z,RB Leipzig,FC Augsburg,Bundesliga,25
2026-03-07T14:30:00Z,1. FC Heidenheim 1846,TSG 1899 Hoffenheim,Bundesliga,25
2026-03-07T14:30:00Z,VfL Wolfsburg,Hamburger SV,Bundesliga,25
2026-03-07T17:30:00Z,1. FC Köln,Borussia Dortmund,Bundesliga,25
2026-03-08T14:30:00Z,FC St. Pauli 1910,Eintracht Frankfurt,Bundesliga,25
2026-03-08T16:30:00Z,1. FC Union Berlin,SV Werder Bremen,Bundesliga,25
2026-03-13T19:30:00Z,Borussia Mönchengladbach,FC St. Pauli 1910,Bundesliga,26
2026-03-14T14:30:00Z,Bayer 04 Leverkusen,FC Bayern München,Bundesliga,26
2026-03-14T14:30:00Z,TSG 1899 Hoffenheim,VfL Wolfsburg,Bundesliga,26
2026-03-14T14:30:00Z,Borussia Dortmund,FC Augsburg,Bundesliga,26
2026-03-14T14:30:00Z,Eintracht Frankfurt,1. FC Heidenheim 1846,Bundesliga,26
2026-03-14T17:30:00Z,Hamburger SV,1. FC Köln,Bundesliga,26
2026-03-15T14:30:00Z,SV Werder Bremen,1. FSV Mainz 05,Bundesliga,26
2026-03-15T16:30:00Z,SC Freiburg,1. FC Union Berlin,Bundesliga,26
2026-03-15T18:30:00Z,VfB Stuttgart,RB Leipzig,Bundesliga,26
2026-03-20T19:30:00Z,RB Leipzig,TSG 1899 Hoffenheim,Bundesliga,27
2026-03-21T14:30:00Z,1. FC Heidenheim 1846,Bayer 04 Leverkusen,Bundesliga,27
2026-03-21T14:30:00Z,VfL Wolfsburg,SV Werder Bremen,Bundesliga,27
2026-03-21T14:30:00Z,1. FC Köln,Borussia Mönchengladbach,Bundesliga,27
2026-03-21T14:30:00Z,FC Bayern München,1. FC Union Berlin,Bundesliga,27
2026-03-21T17:30:00Z,Borussia Dortmund,Hamburger SV,Bundesliga,27
2026-03-22T14:30:00Z,1. FSV Mainz 05,Eintracht Frankfurt,Bundesliga,27
2026-03-22T16:30:00Z,FC St. Pauli 1910,SC Freiburg,Bundesliga,27
2026-03-22T18:30:00Z,FC Augsburg,VfB Stuttgart,Bundesliga,27
2026-04-04T00:00:00Z,SC Freiburg,FC Bayern München,Bundesliga,28
2026-04-04T00:00:00Z,VfB Stuttgart,Borussia Dortmund,Bundesliga,28
2026-04-04T00:00:00Z,TSG 1899 Hoffenheim,1. FSV Mainz 05,Bundesliga,28
2026-04-04T00:00:00Z,SV Werder Bremen,RB Leipzig,Bundesliga,28
2026-04-04T00:00:00Z,Bayer 04 Leverkusen,VfL Wolfsburg,Bundesliga,28
2026-04-04T00:00:00Z,Hamburger SV,FC Augsburg,Bundesliga,28
2026-04-04T00:00:00Z,1. FC Union Berlin,FC St. Pauli 1910,Bundesliga,28
2026-04-04T00:00:00Z,Borussia Mönchengladbach,1. FC Heidenheim 1846,Bundesliga,28
2026-04-04T00:00:00Z,Eintracht Frankfurt,1. FC Köln,Bundesliga,28
2026-04-11T00:00:00Z,FC St. Pauli 1910,FC Bayern München,Bundesliga,29
2026-04-11T00:00:00Z,Borussia Dortmund,Bayer 04 Leverkusen,Bundesliga,29
2026-04-11T00:00:00Z,VfL Wolfsburg,Eintracht Frankfurt,Bundesliga,29
2026-04-11T00:00:00Z,1. FSV Mainz 05,SC Freiburg,Bundesliga,29
2026-04-11T00:00:00Z,1. FC Köln,SV Werder Bremen,Bundesliga,29
2026-04-11T00:00:00Z,RB Leipzig,Borussia Mönchengladbach,Bundesliga,29
2026-04-11T00:00:00Z,1. FC Heidenheim 1846,1. FC Union Berlin,Bundesliga,29
2026-04-11T00:00:00Z,FC Augsburg,TSG 1899 Hoffenheim,Bundesliga,29
2026-04-11T00:00:00Z,VfB Stuttgart,Hamburger SV,Bundesliga,29
2026-04-18T00:00:00Z,SC Freiburg,1. FC Heidenheim 1846,Bundesliga,30
2026-04-18T00:00:00Z,FC St. Pauli 1910,1. FC Köln,Bundesliga,30
2026-04-18T00:00:00Z,SV Werder Bremen,Hamburger SV,Bundesliga,30
2026-04-18T00:00:00Z,Bayer 04 Leverkusen,FC Augsburg,Bundesliga,30
2026-04-18T00:00:00Z,TSG 1899 Hoffenheim,Borussia Dortmund,Bundesliga,30
2026-04-18T00:00:00Z,Borussia Mönchengladbach,1. FSV Mainz 05,Bundesliga,30
2026-04-18T00:00:00Z,Eintracht Frankfurt,RB Leipzig,Bundesliga,30
2026-04-18T00:00:00Z,FC Bayern München,VfB Stuttgart,Bundesliga,30
2026-04-18T00:00:00Z,1. FC Union Berlin,VfL Wolfsburg,Bundesliga,30
2026-04-25T00:00:00Z,1. FSV Mainz 05,FC Bayern München,Bundesliga,31
2026-04-25T00:00:00Z,1. FC Köln,Bayer 04 Leverkusen,Bundesliga,31
2026-04-25T00:00:00Z,FC Augsburg,Eintracht Frankfurt,Bundesliga,31
2026-04-25T00:00:00Z,Borussia Dortmund,SC Freiburg,Bundesliga,31
2026-04-25T00:00:00Z,VfB Stuttgart,SV Werder Bremen,Bundesliga,31
2026-04-25T00:00:00Z,VfL Wolfsburg,Borussia Mönchengladbach,Bundesliga,31
2026-04-25T00:00:00Z,RB Leipzig,1. FC Union Berlin,Bundesliga,31
2026-04-25T00:00:00Z,1. FC Heidenheim 1846,FC St. Pauli 1910,Bundesliga,31
2026-04-25T00:00:00Z,Hamburger SV,TSG 1899 Hoffenheim,Bundesliga,31
2026-05-02T00:00:00Z,Borussia Mönchengladbach,Borussia Dortmund,Bundesliga,32
2026-05-02T00:00:00Z,FC St. Pauli 1910,1. FSV Mainz 05,Bundesliga,32
2026-05-02T00:00:00Z,Bayer 04 Leverkusen,RB Leipzig,Bundesliga,32
2026-05-02T00:00:00Z,TSG 1899 Hoffenheim,VfB Stuttgart,Bundesliga,32
2026-05-02T00:00:00Z,SC Freiburg,VfL Wolfsburg,Bundesliga,32
2026-05-02T00:00:00Z,SV Werder Bremen,FC Augsburg,Bundesliga,32
2026-05-02T00:00:00Z,FC Bayern München,1. FC Heidenheim 1846,Bundesliga,32
2026-05-02T00:00:00Z,1. FC Union Berlin,1. FC Köln,Bundesliga,32
2026-05-02T00:00:00Z,Eintracht Frankfurt,Hamburger SV,Bundesliga,32
2026-05-09T00:00:00Z,VfL Wolfsburg,FC Bayern München,Bundesliga,33
2026-05-09T00:00:00Z,VfB Stuttgart,Bayer 04 Leverkusen,Bundesliga,33
2026-05-09T00:00:00Z,Borussia Dortmund,Eintracht Frankfurt,Bundesliga,33
2026-05-09T00:00:00Z,Hamburger SV,SC Freiburg,Bundesliga,33
2026-05-09T00:00:00Z,TSG 1899 Hoffenheim,SV Werder Bremen,Bundesliga,33
2026-05-09T00:00:00Z,FC Augsburg,Borussia Mönchengladbach,Bundesliga,33
2026-05-09T00:00:00Z,1. FSV Mainz 05,1. FC Union Berlin,Bundesliga,33
2026-05-09T00:00:00Z,RB Leipzig,FC St. Pauli 1910,Bundesliga,33
2026-05-09T00:00:00Z,1. FC Köln,1. FC Heidenheim 1846,Bundesliga,33
2026-05-16T13:30:00Z,SV Werder Bremen,Borussia Dortmund,Bundesliga,34
2026-05-16T13:30:00Z,1. FC Heidenheim 1846,1. FSV Mainz 05,Bundesliga,34
2026-05-16T13:30:00Z,SC Freiburg,RB Leipzig,Bundesliga,34
2026-05-16T13:30:00Z,Eintracht Frankfurt,VfB Stuttgart,Bundesliga,34
2026-05-16T13:30:00Z,FC St. Pauli 1910,VfL Wolfsburg,Bundesliga,34
2026-05-16T13:30:00Z,1. FC Union Berlin,FC Augsburg,Bundesliga,34
2026-05-16T13:30:00Z,Borussia Mönchengladbach,TSG 1899 Hoffenheim,Bundesliga,34
2026-05-16T13:30:00Z,FC Bayern München,1. FC Köln,Bundesliga,34
2026-05-16T13:30:00Z,Bayer 04 Leverkusen,Hamburger SV,Bundesliga,34
